{"cameraMode":{"drawMode":0,"name":"Shaded","section":"Shading Mode"},"sceneLighting":true,"audioPlay":false,"sceneViewState":{"m_AlwaysRefresh":false,"showFog":true,"showSkybox":true,"showFlares":true,"showImageEffects":true,"showParticleSystems":true,"showVisualEffectGraphs":true,"m_FxEnabled":true},"in2DMode":false,"pivot":{"x":-2.6545956134796144,"y":11.351200103759766,"z":-18.294958114624025},"rotation":{"x":0.2669163644313812,"y":-0.028911514207720758,"z":0.008010411635041237,"w":0.9632747769355774},"size":4.217790603637695,"orthographic":false}